archivo,titulo,descripcion
Calculo I Serge Lang.pdf,Titulo1,Descripcion Ejemplo 1
Calculo I Serge Lang.pdf,Ejemplo2,Descripcion Ejemplo 2
Calculo I Serge Lang.pdf,Ejemplo3,Descripción Ejemplo 3
Calculo I Serge Lang.pdf,Ejemplo4,Descripcion Ejemplo 4
Calculo I Serge Lang.pdf,Ejemplo5,Descripcion Ejemplo 5
Calculo I Serge Lang.pdf,Ejemplo6,Descripcion Ejemplo 6
Calculo I Serge Lang.pdf,Ejemplo7,Descripcion Ejemplo 7
Calculo I Serge Lang.pdf,Ejemplo8,Descripcion Ejemplo 8
Calculo I Serge Lang.pdf,Ejemplo9,Descripcion Ejemplo 9
Calculo I Serge Lang.pdf,Ejemplo10,Descripcion Ejemplo 10
Calculo I Serge Lang.pdf,Ejemplo11,Descripción Ejemplo 11
Calculo I Serge Lang.pdf,Ejemplo12,Descripcion Ejemplo 12
Calculo I Serge Lang.pdf,Ejemplo13,Descripcion Ejemplo 13
Calculo I Serge Lang.pdf,Ejemplo14,Descripcion Ejemplo 14
Calculo I Serge Lang.pdf,Ejemplo15,Descripcion Ejemplo 15
Calculo I Serge Lang.pdf,Ejemplo16,Descripcion Ejemplo 16
Calculo I Serge Lang.pdf,Ejemplo17,Descripcion Ejemplo 17
Calculo I Serge Lang.pdf,Ejemplo18,Descripcion Ejemplo 18
Calculo I Serge Lang.pdf,Ejemplo19,Descripcion Ejemplo 19
